{
	"providers": [
		{
			"type": "bitmap",
			"file": "minecraft:misc/hunger_half.png",
			"ascent": 11,
			"height": 16,"width": 10,
			"chars": [
				"\uEff3"
			]
		},
		{
			"type": "bitmap",
			"file": "minecraft:misc/hunger_full.png",
			"ascent": 11,
			"height": 16,"width": 10,
			"chars": [
				"\uEff4"
			]
		},
        {
			"type": "bitmap",
			"file": "minecraft:misc/sat_half.png",
			"ascent": 11,
			"height": 16,"width": 10,
			"chars": [
				"\uEff5"
			]
		},
		{
			"type": "bitmap",
			"file": "minecraft:misc/sat_full.png",
			"ascent": 11,
			"height": 16,"width": 10,
			"chars": [
				"\uEff6"
			]
		},
        {
			"type": "bitmap",
			"file": "minecraft:misc/hunger_half_sat_half.png",
			"ascent": 11,
			"height": 16,"width": 10,
			"chars": [
				"\uEff7"
			]
		},
		{
			"type": "bitmap",
			"file": "minecraft:misc/hunger_full_sat_half.png",
			"ascent": 11,
			"height": 16,"width": 10,
			"chars": [
				"\uEff8"
			]
		},
        {
			"type": "bitmap",
			"file": "minecraft:misc/hunger_half_sat_full.png",
			"ascent": 11,
			"height": 16,"width": 10,
			"chars": [
				"\uEff9"
			]
		},
		{
			"type": "bitmap",
			"file": "minecraft:misc/hunger_full_sat_full.png",
			"ascent": 11,
			"height": 16,"width": 10,
			"chars": [
				"\uEffa"
			]
		}
	]
}